"","orig.ident","nCount_RNA","nFeature_RNA","percent.mt","RNA_snn_res.1","seurat_clusters","Size_Factor","Pseudotime","State"
"AAAGATGTCAATAAGG-1","zxz",3649,1668,0.0548095368594135,"5","5",0.621212794236202,19.8308824782827,"4"
"AACCATGGTTCCCGAG-1","zxz",5978,1891,0.0836400133824021,"4","4",1.0177062438871,14.6048955175095,"3"
"AACCGCGAGCGTGAGT-1","zxz",2395,1331,0.0835073068893528,"5","5",0.40772941688016,26.7369728512557,"4"
"AACCGCGGTAAGTAGT-1","zxz",18891,2856,0.00529352601768038,"4","4",3.21604025648564,15.5626230077796,"5"
"AACTCAGCATACGCTA-1","zxz",15940,4125,0,"19","19",2.7136563277953,1.29938050461193,"1"
"AACTCTTAGAACAACT-1","zxz",2125,1192,0.0470588235294118,"5","5",0.361764096396801,23.7468427331596,"4"
"AACTGGTGTCTCAACA-1","zxz",3763,1689,0.0797236247674728,"5","5",0.640620373995842,19.7311605769818,"4"
"AACTTTCGTTCGTCTC-1","zxz",2871,1609,0.313479623824451,"19","19",0.488764574473043,1.50471100094382,"1"
"AAGACCTCACAACGCC-1","zxz",4579,1896,0.0218388294387421,"5","5",0.779537787012213,26.198073761301,"4"
"AAGCCGCCAATCACAC-1","zxz",19037,4364,0,"4","4",3.24089557793219,16.4371494598039,"4"
"AAGCCGCCAATGGTCT-1","zxz",2506,1281,0.0399042298483639,"5","5",0.426626270856651,27.692065970748,"4"
"AAGGCAGAGCGCTCCA-1","zxz",11043,2940,0.0181110205560083,"4","4",1.87998160776935,15.4052873350515,"5"
"AAGGTTCAGTGCCATT-1","zxz",2493,1212,0.120336943441637,"5","5",0.424413125796342,25.9963252426639,"4"
"AATCCAGAGGTCATCT-1","zxz",2041,1037,0,"5","5",0.347463774468645,27.8563299453158,"4"
"ACACCAACACTGTCGG-1","zxz",2145,1097,0,"5","5",0.365168934951124,28.2304766298605,"4"
"ACACCCTTCCGTAGGC-1","zxz",4011,1776,0.12465719272002,"5","5",0.682840372069445,17.0910729367466,"4"
"ACACTGACACCTCGTT-1","zxz",2238,1224,0.0893655049151028,"5","5",0.381001434228725,25.6434532568028,"4"
"ACAGCCGAGAGACTAT-1","zxz",4231,1798,0.141810446702907,"5","5",0.720293596166996,19.8856488305469,"4"
"ACAGCCGTCTACTCAT-1","zxz",7666,1787,0,"4","4",1.30507461787194,8.35553408891951,"1"
"ACATGGTCAGACACTT-1","zxz",3954,1720,0.0252908447142135,"5","5",0.673136582189625,27.6764325432993,"4"
"ACCAGTAAGACCGGAT-1","zxz",2636,1353,0.0758725341426404,"5","5",0.44875772145975,20.7092265882582,"4"
"ACCCACTCAAGCCATT-1","zxz",3547,1663,0.0845785170566676,"5","5",0.603848117609155,22.1033078375037,"4"
"ACCCACTCACTTCGAA-1","zxz",5375,2460,0.167441860465116,"19","19",0.915050361474262,0.758353471722365,"1"
"ACCGTAATCCGGGTGT-1","zxz",3772,1500,0,"4","4",0.642152551345287,11.8545131513743,"2"
"ACCGTAATCTTTACAC-1","zxz",2229,1069,0,"5","5",0.37946925687928,27.9729752893391,"4"
"ACCTTTACAAGCGTAG-1","zxz",2174,1052,0,"5","5",0.370105950854892,22.8784367904605,"4"
"ACGAGCCCAGTAAGCG-1","zxz",2232,1305,0.134408602150538,"5","5",0.379979982662429,21.7550171077868,"4"
"ACGAGCCTCAATACCG-1","zxz",5836,1915,0,"5","5",0.993531890151404,22.2944002886603,"4"
"ACGAGGAAGAGTAATC-1","zxz",14499,2651,0.0137940547623974,"4","4",2.46833770995634,15.6588134731204,"5"
"ACGAGGAGTATATGAG-1","zxz",3906,1502,0.0512032770097286,"5","5",0.66496496965925,27.6972379576918,"4"
"ACGAGGATCCTTCAAT-1","zxz",8871,2644,0.0901814902491264,"4","4",1.51021614076989,14.6863110366426,"3"
"ACGATACGTCTCCACT-1","zxz",14523,2985,0.0137712593816705,"4","4",2.47242351622153,15.4723123987987,"5"
"ACGATGTGTACCGGCT-1","zxz",17209,4260,0,"19","19",2.92969333406708,1.50721333301357,"1"
"ACGCAGCCATCGGTTA-1","zxz",18846,4047,0.0265308288230924,"4","4",3.20837936973841,12.4198954731257,"2"
"ACGCCGAGTACTCTCC-1","zxz",8189,2049,0.0244230064720967,"4","4",1.39411114606749,9.05927725998137,"1"
"ACGGAGATCCTTAATC-1","zxz",13496,2176,0.014819205690575,"4","4",2.29758505645705,15.8776724086912,"5"
"ACGGCCAGTTGGAGGT-1","zxz",29160,4826,0.0240054869684499,"4","4",4.9642546122027,13.1556486882965,"5"
"ACGGCCATCCTCGCAT-1","zxz",3564,1680,0.0280583613916947,"5","5",0.606742230380329,21.3249990607639,"4"
"ACGGGTCAGTCAATAG-1","zxz",29504,4746,0.027114967462039,"4","4",5.02281783533705,15.6181435905772,"5"
"ACTGAACAGTATGACA-1","zxz",2706,1380,0.0369549150036955,"5","5",0.46067465639988,22.4396046085381,"4"
"ACTGATGGTCATCGGC-1","zxz",16637,3853,0.0180320971328966,"4","4",2.83231495141345,15.5286991068737,"5"
"ACTTACTAGCTAGTTC-1","zxz",5261,2163,0.01900779319521,"19","19",0.895642781714622,1.10896471754631,"1"
"ACTTACTTCTCTGCTG-1","zxz",2090,1123,0.0956937799043062,"5","5",0.355805628926736,19.7860748398694,"4"
"ACTTTCATCGTCCAGG-1","zxz",2873,1396,0.0696136442742778,"4","4",0.489105058328475,17.1755563941119,"4"
"AGAATAGTCCAGGGCT-1","zxz",2693,1431,0.111399925733383,"5","5",0.45846151133957,21.623917967516,"4"
"AGACGTTCAAACCTAC-1","zxz",7303,2622,0.0547720115021224,"4","4",1.24327679811098,16.3852829703728,"4"
"AGACGTTGTCTCGTTC-1","zxz",12447,3482,0.0401703221659838,"4","4",2.11900127428282,16.4744612984555,"4"
"AGAGCGACACCCATGG-1","zxz",7418,2527,0.0269614451334592,"4","4",1.26285461979834,13.1586282777422,"2"
"AGAGCGAGTGGGTATG-1","zxz",27847,4744,0.0251373577046001,"19","19",4.7407269611114,16.4628991605777,"4"
"AGAGCGATCTTGCAAG-1","zxz",7084,1970,0.0141163184641446,"4","4",1.20599381594115,15.30629476983,"5"
"AGAGCTTAGATCGGGT-1","zxz",6067,2061,0,"5","5",1.03285777545383,23.9840266862496,"4"
"AGATCTGAGCATCATC-1","zxz",2431,1219,0,"5","5",0.413858126277941,16.8015062688855,"4"
"AGATCTGCATGTAGTC-1","zxz",6972,2219,0.0286861732644865,"5","5",1.18692672003694,16.3196650868712,"4"
"AGCAGCCCAAGGTGTG-1","zxz",5015,1934,0.0797607178464606,"4","4",0.853763267496451,14.4912642677353,"3"
"AGCCTAATCTTCATGT-1","zxz",18430,3017,0.0434074877916441,"4","4",3.13755872780849,15.8991731799103,"5"
"AGCGTATAGCAGCCTC-1","zxz",6662,2725,0.0300210147102972,"19","19",1.13415172244494,0.453220473474553,"1"
"AGCGTATAGTCAAGCG-1","zxz",12438,2649,0.0321595111754301,"4","4",2.11746909693337,12.8192457470864,"5"
"AGCGTATTCTGCGTAA-1","zxz",2902,1715,0.172294968986906,"5","5",0.494042074232244,27.5992137468787,"4"
"AGCGTCGTCTTTCCTC-1","zxz",8240,2374,0.0485436893203883,"4","4",1.40279348438101,14.6069346154359,"3"
"AGGCCACTCTCGAGTA-1","zxz",9172,2640,0.0218054949847362,"4","4",1.56145896101245,14.1318112495184,"5"
"AGGGAGTAGGAGTTGC-1","zxz",5599,1991,0.0535809966065369,"4","4",0.953184553282678,14.7510740001547,"4"
"AGGGAGTTCACAATGC-1","zxz",19316,4152,0.010354110581901,"4","4",3.288393075765,15.5610909050816,"5"
"AGGGATGAGAGGACGG-1","zxz",8416,2755,0.0118821292775665,"4","4",1.43275606365905,14.5844734696637,"3"
"AGGGATGTCTCTGCTG-1","zxz",4793,1858,0.0417275192989777,"5","5",0.815969559543468,14.7749332264392,"4"
"AGGGTGACACGCGAAA-1","zxz",4206,1328,0.0237755587256301,"4","4",0.716037547974093,15.417394590238,"5"
"AGGTCATGTCTCTCGT-1","zxz",4921,1938,0.0406421459053038,"4","4",0.837760526291134,17.0719424553929,"4"
"AGGTCATTCGGAGCAA-1","zxz",19481,3728,0.0205328268569375,"4","4",3.31648299383816,15.5509480723957,"5"
"AGGTCCGCACTCTGTC-1","zxz",2178,1463,0.137741046831956,"19","19",0.370786918565757,0.644973236855761,"1"
"AGTAGTCTCCGTACAA-1","zxz",2901,1415,0,"5","5",0.493871832304527,27.7764858942162,"4"
"AGTGAGGGTCTGGTCG-1","zxz",17085,3821,0.0117061750073164,"4","4",2.90858333503028,14.5959503586009,"3"
"AGTGAGGGTGAAATCA-1","zxz",2049,1159,0.0488042947779405,"5","5",0.348825709890375,28.1869293596394,"4"
"AGTGGGAAGTGAATTG-1","zxz",2104,1178,0.0950570342205323,"5","5",0.358189015914762,28.0172267750628,"4"
"AGTGGGACAGATTGCT-1","zxz",2307,1239,0,"5","5",0.392748127241139,24.7149981332881,"4"
"ATAAGAGTCGTCGTTC-1","zxz",4269,2071,0.163972827360037,"5","5",0.726762789420209,27.4944113189988,"4"
"ATCACGACATGGAATA-1","zxz",6116,2302,0.065402223675605,"4","4",1.04119962991192,14.5769982708949,"3"
"ATCCACCAGACAGGCT-1","zxz",2780,1723,0,"5","5",0.473272559050874,25.5128607310512,"4"
"ATCCGAAAGCCTATGT-1","zxz",23232,4694,0.0301308539944904,"4","4",3.95506046470141,12.892467574545,"2"
"ATCCGAAAGGAGTTTA-1","zxz",2120,1258,0,"5","5",0.360912886758221,27.3610763231365,"4"
"ATCCGAACATCCGCGA-1","zxz",3287,1415,0.0912686340127776,"5","5",0.559585216402958,15.586323590051,"4"
"ATCTGCCTCTCAAACG-1","zxz",2697,1470,0.0370782350760104,"5","5",0.459142479050435,27.7084101914333,"4"
"ATGCGATTCCTGTACC-1","zxz",3179,1535,0.0943692985215477,"5","5",0.541199088209615,24.6522734515389,"4"
"ATGGGAGCAGATGGGT-1","zxz",6249,2445,0.0160025604096655,"5","5",1.06384180629817,19.5163361822882,"4"
"ATGGGAGGTTGTTTGG-1","zxz",23864,3577,0.00419041233657392,"4","4",4.06265336301801,11.3158207932701,"5"
"ATGGGAGTCCCAAGTA-1","zxz",14733,3447,0.0271499355189031,"4","4",2.50817432104192,18.5815033564106,"4"
"ATGTGTGGTGATGTCT-1","zxz",3807,1618,0.026267402153927,"5","5",0.648111018815352,24.6964201671429,"4"
"ATGTGTGGTGTAATGA-1","zxz",10236,2949,0.0195388823759281,"4","4",1.74259637210243,15.7048387591494,"5"
"ATTACTCCAGACAGGT-1","zxz",2508,1141,0,"5","5",0.426966754712084,27.7673563894777,"4"
"ATTATCCCAGTCTTCC-1","zxz",5244,2023,0.01906941266209,"4","4",0.892748668943448,14.4828549289482,"3"
"ATTTCTGAGTAGCGGT-1","zxz",6174,2516,0.0809847748623259,"19","19",1.05107366171946,1.19304470259905,"1"
"ATTTCTGCACTTACGA-1","zxz",3915,1902,0.153256704980843,"5","5",0.666497147008695,27.5537858237275,"4"
"ATTTCTGTCTACCAGA-1","zxz",2378,1321,0.0841042893187553,"5","5",0.404835304108985,27.8211923635669,"4"
"CAACCTCCAAAGCGGT-1","zxz",18174,3858,0.0165070980521624,"4","4",3.09397679431316,15.4791822096115,"5"
"CAACTAGCAGGATTGG-1","zxz",11662,3113,0.0600240096038415,"4","4",1.98536136102565,15.3117995461927,"5"
"CAACTAGTCCTCAATT-1","zxz",6167,2210,0.0486460191341009,"5","5",1.04988196822545,27.5456330105299,"4"
"CAACTAGTCTCGTTTA-1","zxz",21590,3739,0.0231588698471515,"4","4",3.6755232193915,15.7550108816457,"5"
"CAAGAAAGTCAGGACA-1","zxz",5756,1851,0.0694927032661571,"4","4",0.979912535934112,14.2478615004421,"5"
"CAAGATCTCTCTAGGA-1","zxz",5379,2041,0.0185908161368284,"4","4",0.915731329185127,14.4560491343207,"3"
"CAAGGCCGTAAACGCG-1","zxz",2307,1262,0.173385348938015,"5","5",0.392748127241139,27.7856381040995,"4"
"CACACAACACTATCTT-1","zxz",4012,1814,0.174476570289133,"5","5",0.683010613997161,24.6453453445209,"4"
"CACACCTAGTGACTCT-1","zxz",8802,2726,0.0340831629175187,"5","5",1.49846944775748,27.6153725952632,"4"
"CACACTCAGCCCAATT-1","zxz",6926,2997,0.129945134276639,"19","19",1.179095591362,1.24794836749864,"1"
"CACACTCAGTATGACA-1","zxz",13336,3472,0.02999400119976,"4","4",2.27034634802247,17.7564744876036,"4"
"CACACTCAGTGCAAGC-1","zxz",3280,1467,0.0304878048780488,"5","5",0.558393522908945,16.4255369827522,"4"
"CACAGGCCACGCGAAA-1","zxz",2925,1432,0.0341880341880342,"5","5",0.497957638569715,27.6055490888162,"4"
"CACATAGCAAATCCGT-1","zxz",18284,3614,0.00546926274338219,"4","4",3.11270340636194,15.7168076623976,"5"
"CACATAGCATACAGCT-1","zxz",7905,1757,0.0506008855154965,"4","4",1.3457624385961,15.9233369976653,"5"
"CACCACTCATGCCCGA-1","zxz",2709,1521,0.258397932816538,"19","19",0.461185382183028,1.15998200508288,"1"
"CACCACTCATTCGACA-1","zxz",18567,3493,0.0161576991436419,"4","4",3.16088187190561,12.8967769960091,"5"
"CACCTTGAGGTGCACA-1","zxz",23160,4442,0.0259067357512953,"4","4",3.94280304590584,13.4407885143281,"2"
"CACCTTGTCCTTTCGG-1","zxz",6114,1894,0.163559044815178,"4","4",1.04085914605649,11.6363442057795,"2"
"CACTCCAAGCTATGCT-1","zxz",2116,1069,0.0472589792060491,"5","5",0.360231919047356,21.2581917817675,"4"
"CAGAGAGCAGGCAGTA-1","zxz",9642,2575,0.0207425845260319,"5","5",1.64147266703904,16.8003689677914,"4"
"CAGATCAGTCCGTGAC-1","zxz",12150,3900,0.0411522633744856,"19","19",2.06843942175112,0.426463195629505,"1"
"CAGCAGCGTCCGAAGA-1","zxz",5209,2231,0.0575926281435976,"5","5",0.886790201473383,27.8742112238334,"4"
"CAGCATAAGACGCAAC-1","zxz",5226,2001,0.0765403750478377,"5","5",0.889684314244557,27.7247432389747,"4"
"CAGCATACAGTCACTA-1","zxz",4417,1785,0,"5","5",0.751958594722199,23.7874260482968,"4"
"CAGCCGACAACGCACC-1","zxz",2112,1368,0.0946969696969697,"5","5",0.359550951336492,27.4290139916191,"4"
"CAGCGACCACCCATTC-1","zxz",24070,4381,0.0166181969256336,"4","4",4.09772320012753,15.3702117296835,"5"
"CAGCTAACAAAGCGGT-1","zxz",2092,1096,0.0956022944550669,"5","5",0.356146112782169,22.32396693703,"4"
"CAGTCCTCAACGATGG-1","zxz",4710,1579,0.0212314225053079,"4","4",0.801839479543028,14.4567343710673,"3"
"CATATGGGTATCTGCA-1","zxz",15506,3859,0.0193473494131304,"4","4",2.6397713311665,14.6532315794747,"3"
"CATATGGTCACCCTCA-1","zxz",6455,2214,0,"4","4",1.0989116434077,15.3144909266157,"5"
"CATCCACGTCCGTCAG-1","zxz",8106,1713,0.0370096225018505,"4","4",1.37998106606705,15.5344368202541,"5"
"CATCGGGAGCTACCTA-1","zxz",2412,1251,0.0414593698175788,"5","5",0.410623529651334,22.3483010825732,"4"
"CATCGGGCAAAGGCGT-1","zxz",9760,3044,0.0102459016393443,"5","5",1.66156121450954,23.9594422477019,"4"
"CATCGGGTCCTTGGTC-1","zxz",2613,1181,0.0765403750478377,"5","5",0.444842157122279,16.6281300940306,"4"
"CATGACACAAAGGTGC-1","zxz",14189,4556,0.0916202692226373,"19","19",2.41556271236434,1.00529095429967,"1"
"CATGCCTGTCTGATTG-1","zxz",12769,3001,0.0469888010024278,"4","4",2.17381917500742,7.11199422018968,"1"
"CATGGCGAGGGAAACA-1","zxz",8976,2476,0.111408199643494,"4","4",1.52809154318009,16.7482073430908,"4"
"CATTCGCCATTGCGGC-1","zxz",4734,1385,0.042247570764681,"4","4",0.805925285808215,15.2972723750809,"5"
"CCAATCCCATCAGTAC-1","zxz",2330,1485,0.0858369098712446,"5","5",0.39666369157861,19.4072848254619,"4"
"CCACCTACAAGGACTG-1","zxz",3150,1347,0,"5","5",0.536262072305847,20.4609478978687,"4"
"CCACCTACATCTCGCT-1","zxz",13333,3336,0.0450011250281257,"4","4",2.26983562223932,14.7749509333352,"3"
"CCACGGACACTTAAGC-1","zxz",12108,3155,0.0330360092500826,"19","19",2.06128926078705,2.53331266973526,"1"
"CCACTACAGCTGATAA-1","zxz",2999,1748,0.0666888962987662,"19","19",0.510555541220709,0.633208411989294,"1"
"CCACTACCAATGCCAT-1","zxz",14445,4399,0.0692281066112842,"19","19",2.45914464585967,1.37775412055274,"1"
"CCCAATCCAGCCTTTC-1","zxz",7288,2450,0.0823271130625686,"5","5",1.24072316919524,28.6257834136694,"4"
"CCCAGTTGTCCAGTTA-1","zxz",5052,1464,0.0593824228028504,"4","4",0.860062218821949,13.527617236421,"5"
"CCGGGATAGCGATTCT-1","zxz",2341,1272,0.128150363092695,"5","5",0.398536352783488,27.4538851762517,"4"
"CCGGGATCACCAGTTA-1","zxz",6666,2400,0.045004500450045,"4","4",1.1348326901558,8.17441133129763,"1"
"CCGGTAGAGACGCACA-1","zxz",6576,2581,0.0304136253041363,"5","5",1.11951091666135,28.4801581633372,"4"
"CCGGTAGCAGTCAGCC-1","zxz",3346,1299,0,"5","5",0.569629490138211,27.7120253620347,"4"
"CCGTACTAGCAACGGT-1","zxz",10643,3097,0.037583388142441,"4","4",1.8118848366829,13.2686213622678,"5"
"CCGTACTCAGACAAAT-1","zxz",3515,1976,0.113798008534851,"5","5",0.598400375922238,27.674056368693,"4"
"CCGTGGATCCGTACAA-1","zxz",10162,2060,0,"4","4",1.72999846945143,16.2397676723566,"5"
"CCGTTCAAGGCTCTTA-1","zxz",5428,2040,0.147383935151069,"5","5",0.924073183643218,24.3929174531701,"4"
"CCTACCAAGTTACGGG-1","zxz",4189,1305,0.047744091668656,"4","4",0.713143435202918,15.4511183574526,"5"
"CCTAGCTAGCCAGTTT-1","zxz",5998,1912,0.100033344448149,"19","19",1.02111108244142,5.388341095922,"1"
"CCTATTAAGGAGTCTG-1","zxz",11793,2093,0.033918426185025,"4","4",2.00766305355646,15.6197596181841,"5"
"CCTCAGTCACTGTTAG-1","zxz",9288,2112,0.0322997416020672,"4","4",1.58120702462753,15.6016662812149,"5"
"CCTCTGAAGGCACATG-1","zxz",2719,1394,0.0367782272894447,"5","5",0.46288780146019,20.9799332987519,"4"
"CCTCTGATCTATGTGG-1","zxz",13242,2970,0.0226551880380607,"4","4",2.25434360681715,13.598264633891,"5"
"CCTTCCCCATAGTAAG-1","zxz",2244,1405,0.0445632798573975,"5","5",0.382022885795022,27.6599992147622,"4"
"CCTTCCCGTACAGCAG-1","zxz",13030,3272,0.0230237912509593,"4","4",2.21825231814133,12.1315067196252,"2"
"CCTTCGAAGCTACCTA-1","zxz",2946,1241,0,"4","4",0.501532719051754,14.5460424421859,"3"
"CCTTTCTAGGGTATCG-1","zxz",4965,2597,0.100704934541793,"19","19",0.845251171110644,0.850592050427439,"1"
"CGAACATGTCTTGCGG-1","zxz",10416,2757,0.0192012288786482,"4","4",1.77323991909133,8.21166164667513,"1"
"CGAGAAGGTTGGTAAA-1","zxz",12160,3399,0.00822368421052632,"4","4",2.07014184102828,20.4511234662606,"4"
"CGAGCACCATGTAAGA-1","zxz",2667,1443,0.0374953130858643,"5","5",0.45403522121895,28.1024191476387,"4"
"CGAGCCACAGTTCCCT-1","zxz",28025,4182,0.0285459411239964,"4","4",4.77103002424488,15.4457969354826,"5"
"CGATGGCGTAAGGGCT-1","zxz",2977,1511,0,"5","5",0.506810218810954,26.6672363297965,"4"
"CGATGTAGTGAAATCA-1","zxz",2520,1449,0.0793650793650794,"5","5",0.429009657844677,27.4499934878338,"4"
"CGATTGAGTCTGCGGT-1","zxz",2598,1408,0.0384911470361817,"5","5",0.442288528206536,22.1579480476192,"4"
"CGCTATCAGTTGAGAT-1","zxz",3099,1413,0.0968054211035818,"4","4",0.527579733992323,14.4199926202733,"3"
"CGCTTCATCACTCTTA-1","zxz",17657,4016,0.0622982386588888,"4","4",3.00596171768392,14.5124341394654,"3"
"CGGACACCAACGCACC-1","zxz",14822,3119,0.0269869113479962,"4","4",2.52332585260865,12.3782756355256,"2"
"CGGAGCTTCGGTCCGA-1","zxz",14884,2904,0.00671862402579952,"4","4",2.53388085212706,15.9412631042001,"5"
"CGGAGCTTCGTACCGG-1","zxz",3116,1597,0.0320924261874198,"5","5",0.530473846763498,27.6101939997669,"4"
"CGGAGTCCACAGGAGT-1","zxz",4132,1817,0.0726040658276864,"5","5",0.703439645323098,27.5732015046492,"4"
"CGGAGTCCAGTATGCT-1","zxz",7268,1642,0,"4","4",1.23731833064092,15.4998129115601,"5"
"CGGGTCAAGGAGTACC-1","zxz",2779,1529,0,"5","5",0.473102317123158,21.3350590262655,"4"
"CGGGTCACAGACAGGT-1","zxz",11260,3914,0.0088809946714032,"19","19",1.91692410608376,0.351274976123057,"1"
"CGGGTCACAGTGGAGT-1","zxz",13773,3246,0.00726058229870036,"4","4",2.34474207043442,14.0473387201866,"3"
"CGGGTCATCAAACCAC-1","zxz",2934,1447,0.0340831629175187,"5","5",0.49948981591916,24.7066754715754,"4"
"CGGTTAACAGACGCCT-1","zxz",2173,1076,0.0460193281178095,"5","5",0.369935708927176,26.7556788553122,"4"
"CGTCACTAGCTTTGGT-1","zxz",4403,1952,0.113558937088349,"19","19",0.749575207734173,1.62295290778102,"1"
"CGTCAGGAGAGGTTAT-1","zxz",2645,1454,0.151228733459357,"5","5",0.450289898809195,22.3697381192107,"4"
"CGTCAGGCATACTCTT-1","zxz",9302,2963,0.0215007525263384,"19","19",1.58359041161555,0,"1"
"CGTCAGGTCATTCACT-1","zxz",2457,1274,0,"5","5",0.41828441639856,27.6514820950437,"4"
"CGTCAGGTCTTAGCCC-1","zxz",2331,1251,0.128700128700129,"5","5",0.396833933506327,20.161797400225,"4"
"CGTGAGCGTGCTCTTC-1","zxz",4638,1721,0.0646830530401035,"4","4",0.789582060747466,14.6775630954589,"3"
"CGTTCTGTCAGCTCGG-1","zxz",12894,2807,0.0077555452148286,"4","4",2.19509941597193,15.4680927529214,"5"
"CGTTCTGTCGAACGGA-1","zxz",23130,4425,0.0259403372243839,"4","4",3.93769578807436,12.1166034639143,"2"
"CTAACTTTCCCTCAGT-1","zxz",14000,2971,0.0857142857142857,"4","4",2.38338698802599,15.567788371283,"5"
"CTAAGACCAGGCGATA-1","zxz",13378,3121,0.0298998355509045,"4","4",2.27749650898655,15.2956529929246,"5"
"CTACATTAGTAGCGGT-1","zxz",2785,1517,0.143626570915619,"5","5",0.474123768689455,27.1717326266051,"4"
"CTACGTCAGAAGATTC-1","zxz",19909,3645,0.0200914159425385,"4","4",3.38934653890067,12.3403417645795,"5"
"CTAGAGTTCGTTTATC-1","zxz",25696,3959,0.00389165628891656,"4","4",4.37453657459398,15.936163263067,"5"
"CTAGCCTGTAAATGTG-1","zxz",3071,1259,0,"5","5",0.522812960016272,24.0719717527947,"4"
"CTAGTGAAGCCAGTAG-1","zxz",2247,856,0,"4","4",0.382533611578171,15.4146698595758,"5"
"CTAGTGACAGACGCCT-1","zxz",3899,1745,0.0769428058476532,"4","4",0.663773276165237,17.7173697851679,"4"
"CTCACACGTTGTGGCC-1","zxz",17503,3487,0.0114266125807005,"4","4",2.97974446081563,15.2924008487569,"5"
"CTCCTAGCATAGAAAC-1","zxz",2192,1269,0.0912408759124088,"5","5",0.373170305553783,21.3142937463936,"4"
"CTCGAGGTCCAGAAGG-1","zxz",26766,4591,0.0112082492714638,"4","4",4.55669543725025,11.648462760286,"2"
"CTCGGAGCAGCTGTAT-1","zxz",20334,3962,0.0147536146355857,"4","4",3.46169935818003,15.6136543190001,"5"
"CTCGGAGCATTTCACT-1","zxz",12781,3970,0.0625929113527893,"19","19",2.17586207814001,0.335646887375737,"1"
"CTCGGGAAGAGTCGGT-1","zxz",9535,3017,0.0209753539590981,"4","4",1.62325678077341,14.6359582593472,"3"
"CTGAAACGTCAGTGGA-1","zxz",18082,4234,0.00553036168565424,"4","4",3.07831453696328,16.5988993310821,"4"
"CTGAAGTAGTGTCTCA-1","zxz",35734,4867,0.00559691050540102,"4","4",6.08342504500861,16.2675552566235,"4"
"CTGATAGGTCGTCTTC-1","zxz",3697,1198,0.108195834460373,"4","4",0.629384406766576,15.7597564672942,"5"
"CTGATCCTCTCGTATT-1","zxz",6659,2916,0.135155428743055,"19","19",1.13364099666179,1.39937633532771,"1"
"CTGCGGACAGACTCGC-1","zxz",2164,1182,0.184842883548983,"5","5",0.368403531577731,24.6233097434965,"4"
"CTGCTGTTCTTTACGT-1","zxz",2365,1406,0.169133192389006,"5","5",0.402622159048675,27.7002031232142,"4"
"CTGGTCTCACTAGTAC-1","zxz",24257,4073,0.0535927773426228,"4","4",4.12955844061045,14.8410071306125,"5"
"CTGTGCTTCTGCGTAA-1","zxz",3950,1653,0.0759493670886076,"4","4",0.67245561447876,17.7739365967137,"4"
"CTTACCGAGACGCAAC-1","zxz",9238,2351,0.0216497077289457,"4","4",1.57269492824172,14.5199316251456,"3"
"CTTTGCGGTTGCGTTA-1","zxz",18445,3848,0.0216860937923556,"4","4",3.14011235672424,15.5118578002446,"5"
"GAACATCCACTTACGA-1","zxz",14140,3325,0.00707213578500707,"4","4",2.40722085790625,11.0046948978068,"5"
"GAACATCTCGACAGCC-1","zxz",2088,1243,0.0478927203065134,"5","5",0.355465145071304,27.7680782995176,"4"
"GAACCTAGTATGAAAC-1","zxz",2915,1579,0.102915951972556,"5","5",0.496255219292553,25.5217979705204,"4"
"GAACGGACATGAGCGA-1","zxz",2062,1211,0.1454898157129,"5","5",0.351038854950684,27.5824456604883,"4"
"GAACGGAGTACAGTGG-1","zxz",17194,4480,0.0348958939164825,"19","19",2.92713970515134,1.26107280695724,"1"
"GAACGGAGTTGTCTTT-1","zxz",6728,1965,0.0297265160523187,"4","4",1.1453876896742,15.6142847298788,"5"
"GAAGCAGTCAACACGT-1","zxz",5354,1941,0.0747104968248039,"4","4",0.911475280992223,11.3999124604177,"5"
"GACACGCGTGCAACGA-1","zxz",7718,2087,0.0259134490800726,"4","4",1.31392719811318,13.2569710236215,"5"
"GACAGAGTCCGAAGAG-1","zxz",3005,1451,0.0332778702163062,"4","4",0.511576992787006,19.4841260426798,"4"
"GACCAATAGAAGGGTA-1","zxz",8638,2608,0.0231535077564251,"4","4",1.47054977161203,16.783639089759,"4"
"GACCAATCACACTGCG-1","zxz",20307,4267,0.00492441030186635,"4","4",3.45710282613169,14.6617431048677,"3"
"GACCAATGTCAAACTC-1","zxz",8831,2317,0.0226474917902842,"4","4",1.50340646366125,12.3048618176377,"5"
"GACGCGTTCGCTTAGA-1","zxz",10617,2673,0.131863991711406,"19","19",1.80745854656228,2.10031661907353,"1"
"GACGGCTGTCCCTACT-1","zxz",5575,2219,0.0717488789237668,"4","4",0.949098747017491,14.5951527488597,"3"
"GACGGCTTCAGCGACC-1","zxz",2383,1483,0.0419639110365086,"19","19",0.405686513747566,0.839452088682753,"1"
"GACGTTACAGATGGGT-1","zxz",19096,3312,0.0209467951403435,"4","4",3.25093985166744,13.9442772061292,"5"
"GACGTTAGTGTTCTTT-1","zxz",6675,2328,0.0449438202247191,"4","4",1.13636486750525,9.86481026991176,"1"
"GACGTTAGTTACCGAT-1","zxz",2072,1151,0.0965250965250965,"5","5",0.352741274227846,27.6319659496277,"4"
"GACGTTATCCTCATTA-1","zxz",2846,1310,0.0351370344342937,"5","5",0.48450852628014,27.9412391954321,"4"
"GACGTTATCTATCCCG-1","zxz",3970,1938,0.125944584382872,"5","5",0.675860453033083,27.7104210242678,"4"
"GACTAACAGAGCCTAG-1","zxz",4553,1707,0,"4","4",0.775111496891594,11.4299638933598,"5"
"GACTGCGTCGCTTGTC-1","zxz",23590,4236,0.0254345061466723,"4","4",4.01600707482379,13.8724645767023,"5"
"GAGGTGACAAATACAG-1","zxz",28909,4692,0.0103773911238715,"4","4",4.92152388834594,15.354867863653,"5"
"GAGTCCGAGGACACCA-1","zxz",4576,2285,0.0874125874125874,"19","19",0.779027061229065,0.444119009174524,"1"
"GAGTCCGAGGACAGCT-1","zxz",13860,3217,0.00721500721500722,"4","4",2.35955311814573,14.5692011307334,"5"
"GAGTCCGGTCGCGGTT-1","zxz",2582,1356,0,"5","5",0.439564657363078,22.3988306582022,"4"
"GAGTCCGGTGTTGAGG-1","zxz",11718,2645,0.00853387950162144,"4","4",1.99489490897775,14.5077265638406,"3"
"GAGTCCGGTTCTGGTA-1","zxz",4275,1661,0.0233918128654971,"5","5",0.727784240986506,18.3795803863532,"4"
"GATCAGTAGGCTCAGA-1","zxz",11681,2782,0.0171218217618355,"4","4",1.98859595765225,15.6949736946823,"5"
"GATCGATAGCCTTGAT-1","zxz",22924,4372,0.00872448089338684,"4","4",3.90262595096484,15.4774417940291,"5"
"GATCGCGAGTAAGTAC-1","zxz",10493,2830,0,"4","4",1.78634854752548,14.8670909729317,"5"
"GATCGTAAGTCGAGTG-1","zxz",2933,1091,0.0340947834981248,"4","4",0.499319573991444,12.4086315140454,"2"
"GATCTAGTCCGCATAA-1","zxz",7696,2281,0.103950103950104,"4","4",1.31018187570343,11.8399688405781,"5"
"GATCTAGTCTGTTTGT-1","zxz",2238,1317,0,"5","5",0.381001434228725,27.2512501762606,"4"
"GATGAGGCAGTTAACC-1","zxz",9611,2850,0.0520237228176048,"5","5",1.63619516727984,18.8717733020098,"4"
"GATGCTAAGGGTATCG-1","zxz",7681,2496,0.0260382762661112,"4","4",1.30762824678769,16.4721861908154,"4"
"GATGCTATCCGCGCAA-1","zxz",2384,1154,0.0419463087248322,"4","4",0.405856755675282,18.8455901795193,"4"
"GATTCAGAGCGTCTAT-1","zxz",4631,1954,0.0431872165838912,"5","5",0.788390367253453,24.6365218192546,"4"
"GCAGCCAGTGGACGAT-1","zxz",10398,2615,0.0288517022504328,"4","4",1.77017556439244,15.9815673374445,"5"
"GCATGTAAGAGCAATT-1","zxz",6381,2495,0.0626860993574675,"5","5",1.0863137407567,27.6057054151697,"4"
"GCGACCAAGATAGGAG-1","zxz",2988,1349,0.0669344042838019,"5","5",0.508682880015832,16.7976761716298,"4"
"GCGACCACAAGTTGTC-1","zxz",2716,1294,0,"4","4",0.462377075677041,15.6310467476914,"4"
"GCGCCAAGTTAAAGAC-1","zxz",39992,4691,0.01500300060012,"4","4",6.80831517322394,15.7958277500276,"5"
"GCGCGATTCCGGGTGT-1","zxz",21968,4402,0.0136562272396213,"4","4",3.7398746680682,15.6225710295836,"5"
"GCGGGTTGTGGACGAT-1","zxz",8011,1569,0.012482836100362,"4","4",1.36380808293401,15.9193482583489,"5"
"GCTCCTACATGTTGAC-1","zxz",6273,2120,0.0797066794197354,"5","5",1.06792761256336,16.8554500785446,"4"
"GCTCCTAGTAACGCGA-1","zxz",3795,1957,0.0790513833992095,"19","19",0.646068115682758,0.58115402727535,"1"
"GCTCTGTTCAATAAGG-1","zxz",3639,1874,0.109920307776862,"5","5",0.61951037495904,27.3340101931941,"4"
"GCTGCGAGTCGGCTCA-1","zxz",7027,2032,0.0426924718941227,"4","4",1.19629002606133,11.3618534227778,"5"
"GCTTGAAAGTGGCACA-1","zxz",3092,1553,0.258732212160414,"5","5",0.526388040498311,27.6986052691315,"4"
"GGAATAATCCGCATCT-1","zxz",3900,2062,0.0512820512820513,"19","19",0.663943518092953,0.797657707224545,"1"
"GGAATAATCGAATGCT-1","zxz",11668,3539,0.0257113472745972,"4","4",1.98638281259194,18.1889533857842,"4"
"GGACATTAGCTAACAA-1","zxz",7448,2917,0.0402792696025779,"19","19",1.26796187762982,0.383133069895138,"1"
"GGACATTTCCCTTGCA-1","zxz",4555,1973,0.0439077936333699,"4","4",0.775451980747026,14.5542079853468,"3"
"GGACGTCGTCGGATCC-1","zxz",15283,4128,0.0392593077275404,"4","4",2.6018073812858,9.09683324520093,"1"
"GGCAATTCAGCTTAAC-1","zxz",7719,2684,0.0647752299520663,"4","4",1.3140974400409,11.0198008326514,"5"
"GGCGACTCAACTTGAC-1","zxz",2037,1184,0.0490918016691213,"5","5",0.346782806757781,23.9870539774989,"4"
"GGCGACTTCAGGCGAA-1","zxz",2638,1429,0.0758150113722517,"5","5",0.449098205315182,21.303908240141,"4"
"GGCGTGTGTCTCAACA-1","zxz",2419,1039,0.0413393964448119,"5","5",0.411815223145347,27.2518284298216,"4"
"GGCTCGACACGAGAGT-1","zxz",2242,1137,0.0446030330062444,"5","5",0.38168240193959,16.7969667197764,"4"
"GGCTGGTGTTCCACTC-1","zxz",2274,1186,0.0439753737906772,"5","5",0.387130143626506,24.9119700458685,"4"
"GGGAGATAGAGCTGGT-1","zxz",5469,1645,0,"4","4",0.93105310267958,8.98962238601567,"1"
"GGGAGATAGCACCGTC-1","zxz",2432,1316,0.0822368421052631,"5","5",0.414028368205657,22.1196736399075,"4"
"GGGAGATGTCCCGACA-1","zxz",2216,1212,0.270758122743682,"5","5",0.37725611181897,27.3959291999647,"4"
"GGGAGATTCTTGTATC-1","zxz",2823,1409,0,"5","5",0.480592961942668,21.3598380918761,"4"
"GGGATGAGTTCCACAA-1","zxz",8491,2195,0.058885879166176,"4","4",1.44552420823776,15.5058675837893,"5"
"GGGTTGCTCCTCAATT-1","zxz",2140,785,0,"4","4",0.364317725312544,15.685378808229,"5"
"GGTATTGTCAGGCGAA-1","zxz",2970,983,0,"4","4",0.505618525316941,14.5559408653801,"5"
"GGTGCGTTCTGTTTGT-1","zxz",2722,1111,0,"4","4",0.463398527243338,8.44927155372058,"1"
"GGTGTTAGTAGCGTAG-1","zxz",7661,3189,0.0261062524474612,"19","19",1.30422340823336,1.26760494937731,"1"
"GTAACTGGTGATGTCT-1","zxz",6920,2512,0.0433526011560694,"4","4",1.1780741397957,16.1353115901087,"4"
"GTACTTTGTTCCACTC-1","zxz",3676,1734,0.0272034820457018,"5","5",0.625809326284537,27.1959024854038,"4"
"GTAGGCCGTAAGGGAA-1","zxz",3975,1508,0,"4","4",0.676711662671664,14.5027569840225,"3"
"GTAGGCCTCGTTACAG-1","zxz",6215,2166,0,"4","4",1.05805358075582,9.22219020950075,"1"
"GTAGGCCTCTGTTTGT-1","zxz",28481,4247,0.0105333380148169,"4","4",4.84866034328344,15.5901420433027,"5"
"GTAGTCAGTAGGACAC-1","zxz",5822,2511,0.0515286843009275,"19","19",0.991148503163378,1.03258401316465,"1"
"GTATCTTGTATAAACG-1","zxz",2338,1226,0.0427715996578272,"5","5",0.39802562700034,19.8952207729608,"4"
"GTATCTTGTCAGAAGC-1","zxz",5089,2730,0.137551581843191,"19","19",0.866361170147446,0.68004177136336,"1"
"GTATCTTTCCCTGACT-1","zxz",7586,2482,0.0527287107830214,"4","4",1.29145526365465,17.7997913194226,"4"
"GTATTCTAGGTGTTAA-1","zxz",2451,1294,0.0407996736026112,"5","5",0.417262964832264,28.0086322026043,"4"
"GTATTCTCATTCTCAT-1","zxz",2411,1306,0.207382828701784,"5","5",0.410453287723618,25.5692242841985,"4"
"GTCAAGTAGTCATGCT-1","zxz",6196,2184,0.0322788896061975,"4","4",1.05481898412921,14.5170290168082,"3"
"GTCACAAGTCTCGTTC-1","zxz",2531,1408,0.197550375345713,"5","5",0.430882319049555,27.5322257813771,"4"
"GTCTCGTCAGTGGGAT-1","zxz",3321,1267,0.120445648900933,"5","5",0.565373441945307,17.1894327777144,"4"
"GTCTCGTGTTACGGAG-1","zxz",17757,3527,0.0281579095567945,"4","4",3.02298591045553,15.4751252544355,"5"
"GTCTCGTTCTAACTGG-1","zxz",3522,1676,0.056785917092561,"19","19",0.599592069416252,1.57942406459292,"1"
"GTCTTCGAGATGTAAC-1","zxz",16243,3228,0.00615649818383304,"4","4",2.76523963189329,11.0005630403344,"5"
"GTGCGGTCATGAAGTA-1","zxz",18925,4254,0.0264200792602378,"4","4",3.22182848202798,15.6242627404794,"4"
"GTGCTTCCATACTCTT-1","zxz",7532,2610,0.0663834306956984,"4","4",1.28226219955798,18.848751438823,"4"
"GTGTGCGAGAGCTGCA-1","zxz",2943,1323,0.0679578661230037,"5","5",0.501021993268605,21.3000223907824,"4"
"GTTACAGCACAGCGTC-1","zxz",3029,1439,0.132056784417299,"5","5",0.515662799052194,17.4822876947962,"4"
"GTTACAGCAGCCAGAA-1","zxz",3232,1179,0.0309405940594059,"4","4",0.55022191037857,13.5324961777431,"5"
"GTTCATTAGTATGACA-1","zxz",7218,1942,0.0138542532557495,"4","4",1.22880623425511,15.6696085455304,"5"
"GTTCATTCAGTTTACG-1","zxz",2723,1341,0.0734484024972457,"5","5",0.463568769171054,25.6789411941939,"4"
"GTTCTCGAGGTGTGGT-1","zxz",3128,1556,0.0639386189258312,"5","5",0.532516749896092,19.8510326751815,"4"
"GTTCTCGCACTTGGAT-1","zxz",3369,1677,0,"5","5",0.573545054475682,20.9886011942695,"4"
"GTTCTCGTCGGCGGTT-1","zxz",28804,4528,0.0277739202888488,"4","4",4.90364848593575,15.7164566968684,"5"
"GTTTCTAAGAGACGAA-1","zxz",2480,1395,0,"5","5",0.422199980736032,27.2011169839124,"4"
"TAAACCGCAAGCGTAG-1","zxz",7138,2401,0.014009526478005,"4","4",1.21518688003782,14.4742050656124,"3"
"TAAACCGTCCCGGATG-1","zxz",3139,1772,0.0637145587766805,"19","19",0.534389411100969,21.498990716382,"4"
"TAAGCGTTCCCGACTT-1","zxz",21559,4433,0.0278306043879586,"4","4",3.6702457196323,15.0234637079421,"4"
"TACACGATCTACCAGA-1","zxz",11923,3099,0.0754843579635998,"4","4",2.02979450415956,15.3311924397086,"5"
"TACGGGCGTCGCATAT-1","zxz",3727,1585,0,"5","5",0.634491664598061,27.3546168774089,"4"
"TACGGGCTCCGTTGCT-1","zxz",3234,1694,0,"5","5",0.550562394234003,27.8623424123332,"4"
"TACTCATTCTACCTGC-1","zxz",2318,1364,0.0862812769628991,"5","5",0.394620788446017,27.7120962201718,"4"
"TACTCGCAGACGACGT-1","zxz",3389,1683,0,"4","4",0.576949893030005,11.0242718096255,"5"
"TACTTACAGCGCCTTG-1","zxz",9987,2782,0.120156203063983,"4","4",1.70020613210111,13.1746196913306,"2"
"TACTTACAGCGTGAGT-1","zxz",3756,1832,0.133120340788072,"5","5",0.639428680501829,19.7457208764867,"4"
"TACTTACCACCTATCC-1","zxz",2345,1183,0.0426439232409382,"5","5",0.399217320494353,22.3253629100157,"4"
"TACTTGTTCAACCATG-1","zxz",11456,2899,0.0261871508379888,"4","4",1.95029152391612,15.5600675368812,"5"
"TACTTGTTCCCAACGG-1","zxz",17865,4067,0.0111950741673664,"4","4",3.04137203864887,15.0323236991851,"4"
"TAGACCAGTTCAACCA-1","zxz",2026,1227,0,"5","5",0.344910145552903,27.7525212327407,"4"
"TAGAGCTTCAATACCG-1","zxz",10438,2791,0.0287411381490707,"4","4",1.77698524150109,14.5654484077864,"5"
"TAGGCATGTCCTCCAT-1","zxz",9912,3133,0.0201775625504439,"4","4",1.6874379875224,17.0815945973938,"4"
"TAGTGGTAGTACATGA-1","zxz",3484,1180,0.0861079219288174,"4","4",0.593122876163038,15.3697171788701,"5"
"TAGTGGTCAGTGGGAT-1","zxz",4600,1669,0.0652173913043478,"4","4",0.783112867494252,11.1372328943166,"2"
"TCAGATGGTCGCGAAA-1","zxz",2192,1383,0.136861313868613,"5","5",0.373170305553783,27.7118971454106,"4"
"TCAGATGTCAAGCCTA-1","zxz",14754,3449,0.0406669377795852,"4","4",2.51174940152396,14.6142664535347,"3"
"TCAGCTCTCCTAGTGA-1","zxz",3235,1701,0.0309119010819165,"5","5",0.550732636161719,21.7925387562196,"4"
"TCATTACAGAGGTTAT-1","zxz",6348,2028,0.0945179584120983,"4","4",1.08069575714207,9.0969853474519,"1"
"TCCCGATTCTTGCATT-1","zxz",4829,1793,0.0414164423276041,"5","5",0.822098268941249,15.9309380052912,"4"
"TCGCGAGAGACTAAGT-1","zxz",10390,3156,0.0192492781520693,"4","4",1.76881362897071,10.9191948997936,"5"
"TCGGGACAGGTGCAAC-1","zxz",19294,4052,0.0155488752980201,"4","4",3.28464775335524,11.6331457870974,"2"
"TCGTAGATCTTAGAGC-1","zxz",2659,1480,0.0752162467092892,"5","5",0.452673285797221,27.2244240365744,"4"
"TCTCTAAGTTGTACAC-1","zxz",3393,1420,0,"5","5",0.577630860740869,16.4853322956932,"4"
"TCTGAGATCCCTAACC-1","zxz",2921,1616,0.0342348510783978,"4","4",0.49727667085885,22.072866599848,"4"
"TCTTCGGGTCGCCATG-1","zxz",3615,1361,0,"4","4",0.615424568693853,13.2408973526061,"5"
"TCTTCGGTCAGGTAAA-1","zxz",16608,3095,0,"4","4",2.82737793550968,15.3715369803601,"5"
"TGAAAGAAGGGAGTAA-1","zxz",3096,1461,0.0322997416020672,"5","5",0.527069008209175,18.8630042735133,"4"
"TGACTAGAGCACAGGT-1","zxz",2260,1101,0.132743362831858,"5","5",0.384746756638481,18.5286493650127,"4"
"TGACTTTCAGCTTCGG-1","zxz",4005,1604,0.124843945068664,"5","5",0.681818920503148,16.5380421012385,"4"
"TGAGCATTCTTACCGC-1","zxz",4912,2227,0.142508143322476,"19","19",0.836228348941689,0.913727541100099,"1"
"TGAGGGAAGCGAGAAA-1","zxz",2486,1418,0.0402252614641995,"5","5",0.423221432302329,27.9592576033163,"4"
"TGAGGGACATCTGGTA-1","zxz",4088,1873,0.073385518590998,"5","5",0.695949000503588,20.4575210356989,"4"
"TGAGGGATCTTGAGAC-1","zxz",3121,1330,0.160205062479974,"5","5",0.531325056402079,27.7185426487667,"4"
"TGCACCTCAGATGGGT-1","zxz",4776,1841,0.0837520938023451,"5","5",0.813075446772293,18.3219768526304,"4"
"TGCCAAAGTGTGAAAT-1","zxz",4312,1498,0.0463821892393321,"4","4",0.734083192312004,9.15810674809395,"1"
"TGCCCATAGCACCGCT-1","zxz",13549,3407,0.0221418554874899,"4","4",2.30660787862601,11.6969122791152,"5"
"TGCGGGTCAACAACCT-1","zxz",4736,1852,0.0422297297297297,"5","5",0.806265769663648,27.9533864565599,"4"
"TGCGGGTCACGAAACG-1","zxz",12611,2729,0.0237887558480691,"4","4",2.14692095042826,15.8334715293905,"5"
"TGCGGGTTCGCTTGTC-1","zxz",15437,3582,0.012955885210857,"4","4",2.62802463815408,15.3984061579131,"5"
"TGCGTGGCACTGTCGG-1","zxz",8081,2759,0,"4","4",1.37572501787414,19.9435610789398,"4"
"TGCTGCTTCGCACTCT-1","zxz",3051,1522,0.0983284169124877,"5","5",0.519408121461949,27.7873699389111,"4"
"TGGCGCAAGAGCTGGT-1","zxz",5683,2283,0.0351926799225761,"4","4",0.967484875210834,22.087371239063,"4"
"TGGCTGGAGGGTCTCC-1","zxz",5400,2508,0.12962962962963,"19","19",0.919306409667166,1.69248217376441,"1"
"TGGCTGGCAAGAGGCT-1","zxz",2041,1093,0.146986771190593,"5","5",0.347463774468645,27.7595150525043,"4"
"TGGGAAGGTCAAGCGA-1","zxz",17853,4222,0.0336077970089061,"19","19",3.03932913551628,1.59766918861611,"1"
"TGGGAAGGTTGGTTTG-1","zxz",23465,3943,0.021308331557639,"4","4",3.99472683385927,14.5068733878828,"3"
"TGGTTAGAGGTTCCTA-1","zxz",2073,927,0.0964785335262904,"5","5",0.352911516155562,16.754202972228,"4"
"TGGTTAGGTCCCTACT-1","zxz",11245,3149,0.0177856825255669,"4","4",1.91437047716801,14.3983771254881,"3"
"TGTCCCATCTTGTACT-1","zxz",20512,4975,0.0390015600624025,"19","19",3.4920024213135,1.14158856718809,"1"
"TGTTCCGCAGTTTACG-1","zxz",3330,1422,0.0900900900900901,"5","5",0.566905619294752,21.3396577433203,"4"
"TTAGGACAGAATAGGG-1","zxz",4429,1828,0,"5","5",0.754001497854792,25.7265271909743,"4"
"TTAGGCATCTGTCCGT-1","zxz",4738,2221,0.105529759392149,"19","19",0.80660625351908,1.28571384409829,"1"
"TTATGCTAGTACATGA-1","zxz",7726,3138,0.0517732332384157,"19","19",1.31528913353491,1.14679899924963,"1"
"TTATGCTAGTGTCCAT-1","zxz",17127,3270,0.00583873416243358,"4","4",2.91573349599436,16.1042546596211,"5"
"TTCGAAGGTGGTCCGT-1","zxz",2305,1026,0.0433839479392625,"5","5",0.392407643385707,24.3804483981098,"4"
"TTCGGTCTCACAATGC-1","zxz",6748,2320,0.0740960284528749,"4","4",1.14879252822852,14.8576335551382,"5"
"TTGAACGAGATGTGTA-1","zxz",5829,2441,0.0514668039114771,"19","19",0.992340196657391,0.773495889558102,"1"
"TTGACTTTCGGCGCAT-1","zxz",5065,2004,0.0592300098716683,"4","4",0.862275363882258,11.8775523150182,"5"
"TTGGCAATCTTAGAGC-1","zxz",4021,2040,0.024869435463815,"5","5",0.684542791346606,28.0720600972903,"4"
"TTGTAGGAGGTAGCCA-1","zxz",2136,1003,0.0468164794007491,"5","5",0.363636757601679,24.1885479569788,"4"
"TTGTAGGGTAGTGAAT-1","zxz",13034,3319,0,"4","4",2.21893328585219,15.4012271614251,"5"
"TTTACTGGTCTTGTCC-1","zxz",10340,2803,0.0483558994197292,"5","5",1.76030153258491,18.5832936096335,"4"
"TTTCCTCGTACTCTCC-1","zxz",2628,1380,0.114155251141553,"5","5",0.447395786038021,21.0427695595172,"4"
"TTTGCGCTCTGGCGTG-1","zxz",4909,1280,0.0203707476064372,"4","4",0.83571762315854,15.5414310577158,"5"
"TTTGTCATCAAGGCTT-1","zxz",2546,1345,0.0785545954438335,"5","5",0.433435947965297,24.6840570136403,"4"
